                  epoch,         train/box_loss,         train/cls_loss,         train/dfl_loss,                 lr/pg0,                 lr/pg1,                 lr/pg2,   metrics/precision(B),      metrics/recall(B),       metrics/mAP50(B),    metrics/mAP50-95(B),           val/box_loss,           val/cls_loss,           val/dfl_loss
1,18.966,23.22,2.4555,0.070857,0.0032381,0.0032381,0,0,0,0,13.867,6.5549,1.9054
2,9.2774,6.6692,1.6478,0.040857,0.0065713,0.0065713,                  3e-05,0.02326,                  2e-05,0,12.546,4.1031,1.872
3,7.7331,4.9439,1.568,0.010856,0.0099037,0.0099037,0.0001,0.06977,                  6e-05,                  1e-05,14.586,4.4394,2.3457
4,7.1062,4.4598,1.513,0.0099976,0.0099976,0.0099976,0.00254,0.04651,0.00059,0.00011,13.973,287.45,3.3408
5,7.4293,4.4212,1.4749,0.0099976,0.0099976,0.0099976,0.00172,0.02326,0.00028,                  8e-05,12.515,41.288,2.4505
6,7.4289,3.9101,1.5705,0.0099957,0.0099957,0.0099957,0.20422,0.11628,0.06251,0.02953,11.505,5.6587,1.9858
7,7.0696,3.8657,1.4195,0.0099932,0.0099932,0.0099932,0.288,0.04651,0.0381,0.01983,10.272,5.7988,1.5417
8,7.0285,3.5987,1.4508,0.0099902,0.0099902,0.0099902,0.49328,0.02326,0.02566,0.00601,13.808,15.349,2.6886
9,6.8002,3.3782,1.4215,0.0099867,0.0099867,0.0099867,0.33977,0.09302,0.069,0.02047,9.7939,8.6333,1.6156
10,6.9097,3.3149,1.4439,0.0099826,0.0099826,0.0099826,0.36968,0.02326,0.01737,0.0052,11.374,4.5607,1.5454
11,6.8174,3.3456,1.4192,0.009978,0.009978,0.009978,0.54118,0.02326,0.02715,0.00576,11.757,4.5373,1.7962
12,6.8073,3.5608,1.4869,0.0099729,0.0099729,0.0099729,0.27374,0.13953,0.08989,0.0261,9.4251,3.7589,1.5377
13,6.6989,3.2121,1.4323,0.0099672,0.0099672,0.0099672,0.85659,0.02326,0.0298,0.01934,12.428,4.3708,1.7656
14,6.9128,3.1039,1.4386,0.009961,0.009961,0.009961,0.65766,0.16279,0.15045,0.0625,8.8735,4.2486,1.4965
15,6.9001,3.0704,1.4549,0.0099542,0.0099542,0.0099542,0.29286,0.16279,0.13852,0.06266,8.9559,3.5553,1.4911
16,6.503,2.802,1.4654,0.0099469,0.0099469,0.0099469,0.4335,0.02326,0.01915,0.00521,10.963,3.5937,1.7752
17,6.8378,3.016,1.446,0.0099391,0.0099391,0.0099391,0.44321,0.30233,0.2253,0.05144,9.9769,3.0712,1.6566
18,6.7724,2.9644,1.4631,0.0099307,0.0099307,0.0099307,0.00217,0.16279,0.00236,0.00053,10.602,4.9441,1.5713
19,6.8027,2.872,1.4433,0.0099218,0.0099218,0.0099218,0.91693,0.09302,0.11353,0.03766,9.3685,5.2687,1.4618
20,6.3175,2.7873,1.4194,0.0099123,0.0099123,0.0099123,0.40352,0.25581,0.20167,0.06382,8.8967,3.7214,1.4914
21,6.2063,2.6209,1.3397,0.0099023,0.0099023,0.0099023,0.50798,0.23256,0.24919,0.09373,7.3083,3.5227,1.3419
22,6.0922,2.6501,1.4108,0.0098918,0.0098918,0.0098918,0.60368,0.23256,0.26463,0.09853,7.9408,3.3079,1.3981
23,5.9091,2.7085,1.3765,0.0098808,0.0098808,0.0098808,0.24427,0.09302,0.0916,0.0271,9.0281,3.7117,1.4157
24,6.1765,2.6084,1.3883,0.0098692,0.0098692,0.0098692,0.27832,0.18841,0.15248,0.04911,8.7066,3.3314,1.3945
25,6.107,2.5505,1.3482,0.0098571,0.0098571,0.0098571,0.43505,0.16279,0.13233,0.02041,9.2007,4.2024,1.4515
26,6.224,2.4915,1.3527,0.0098445,0.0098445,0.0098445,0.47615,0.32558,0.31062,0.08524,7.8065,4.4041,1.4394
27,5.969,2.5372,1.4263,0.0098313,0.0098313,0.0098313,0.43276,0.23256,0.19895,0.0578,8.393,3.0369,1.4736
28,5.9317,2.528,1.3638,0.0098177,0.0098177,0.0098177,0.3779,0.30233,0.25974,0.09628,7.7279,2.7977,1.3789
29,5.965,2.2518,1.3579,0.0098035,0.0098035,0.0098035,0.07769,0.13953,0.07016,0.02422,9.5693,3.8332,1.4999
30,5.7448,2.3709,1.3558,0.0097887,0.0097887,0.0097887,0.44654,0.30233,0.2498,0.06741,7.7039,2.842,1.4154
31,5.7866,2.2042,1.3416,0.0097735,0.0097735,0.0097735,0.39386,0.25693,0.2417,0.07524,7.6514,2.7712,1.3751
32,5.8047,2.3247,1.3688,0.0097577,0.0097577,0.0097577,0.58297,0.37209,0.39058,0.12073,7.7522,2.5114,1.3917
33,5.6596,2.233,1.3369,0.0097415,0.0097415,0.0097415,0.68343,0.30129,0.33786,0.11443,7.6528,2.7847,1.3718
34,5.8382,2.2804,1.3199,0.0097247,0.0097247,0.0097247,0.42007,0.27907,0.2856,0.10296,7.9938,2.5333,1.3995
35,5.6596,2.2628,1.3381,0.0097074,0.0097074,0.0097074,0.75667,0.32558,0.30725,0.06396,7.9107,3.7525,1.366
36,5.9459,2.2361,1.3584,0.0096895,0.0096895,0.0096895,0.58135,0.39535,0.41368,0.139,7.6413,2.646,1.384
37,5.6259,2.1699,1.3087,0.0096712,0.0096712,0.0096712,0.48933,0.27907,0.22665,0.06385,10.508,3.5444,1.6615
38,5.9575,2.2378,1.3589,0.0096524,0.0096524,0.0096524,0.7978,0.34884,0.37804,0.1088,8.9624,2.673,1.5131
39,5.6762,1.9872,1.3304,0.0096331,0.0096331,0.0096331,0.53704,0.37782,0.36682,0.11498,8.3681,2.7528,1.3921
40,5.5193,2.1522,1.339,0.0096132,0.0096132,0.0096132,0.51533,0.46512,0.42923,0.1255,7.0352,3.1113,1.3081
41,5.7003,2.1831,1.3695,0.0095929,0.0095929,0.0095929,0.71772,0.37209,0.39932,0.12888,7.718,2.726,1.3269
42,5.3565,2.1349,1.2844,0.0095721,0.0095721,0.0095721,0.34113,0.23256,0.18324,0.0563,7.8465,2.8696,1.4378
43,5.8276,2.0793,1.302,0.0095507,0.0095507,0.0095507,0.48336,0.37209,0.3205,0.12146,7.3335,2.5523,1.3738
44,5.2978,2.0843,1.3007,0.0095289,0.0095289,0.0095289,0.57914,0.44186,0.46343,0.13368,7.0953,2.2454,1.3565
45,5.4527,2.147,1.2831,0.0095066,0.0095066,0.0095066,0.49451,0.25581,0.22051,0.04537,10.084,2.9055,1.6242
46,5.2108,2.0853,1.2989,0.0094838,0.0094838,0.0094838,0.8439,0.27907,0.34208,0.07548,8.7795,2.8972,1.5105
47,5.3427,1.9789,1.2825,0.0094605,0.0094605,0.0094605,0.85999,0.37209,0.46135,0.17164,6.7768,2.5522,1.2949
48,5.3314,1.9541,1.2707,0.0094367,0.0094367,0.0094367,0.75927,0.36695,0.36884,0.14639,8.4681,2.4457,1.4981
49,5.1079,2.028,1.2853,0.0094125,0.0094125,0.0094125,0.57196,0.37209,0.37033,0.13193,7.2012,3.0156,1.3411
50,5.3569,1.9002,1.3052,0.0093877,0.0093877,0.0093877,0.33027,0.27907,0.20212,0.06443,8.2651,2.9293,1.3923
51,4.8746,1.9283,1.2722,0.0093625,0.0093625,0.0093625,0.6479,0.46512,0.43053,0.14661,7.3783,2.6229,1.4006
52,5.1241,1.863,1.2613,0.0093368,0.0093368,0.0093368,0.765,0.37209,0.41521,0.10781,7.5623,2.5085,1.4775
53,5.2545,1.9625,1.2515,0.0093107,0.0093107,0.0093107,0.43862,0.4186,0.33159,0.12192,7.0639,2.2945,1.444
54,5.0449,2.0518,1.288,0.0092841,0.0092841,0.0092841,0.5904,0.30233,0.26917,0.07861,8.2125,2.8161,1.5026
55,4.9536,1.8582,1.2574,0.009257,0.009257,0.009257,0.55316,0.40322,0.36569,0.10255,7.4051,2.7079,1.3777
56,5.0827,1.891,1.2544,0.0092294,0.0092294,0.0092294,0.8298,0.37209,0.4395,0.1556,7.8246,2.2463,1.3775
57,4.749,1.8728,1.2523,0.0092014,0.0092014,0.0092014,0.77434,0.27907,0.37152,0.11668,7.7855,2.3432,1.3769
58,4.9303,1.7688,1.2575,0.009173,0.009173,0.009173,0.62642,0.53488,0.51402,0.19334,6.7572,2.1508,1.3684
59,4.9706,1.7523,1.2747,0.009144,0.009144,0.009144,0.68071,0.44186,0.49346,0.20135,6.8186,2.0522,1.3032
60,5.1319,1.8039,1.2677,0.0091147,0.0091147,0.0091147,0.64909,0.39535,0.41126,0.12016,8.5566,2.3317,1.5141
61,5.0364,1.8624,1.2577,0.0090849,0.0090849,0.0090849,0.57984,0.46512,0.45666,0.1409,6.2099,2.4622,1.2594
62,5.2643,1.9228,1.2374,0.0090546,0.0090546,0.0090546,0.56769,0.37209,0.36833,0.13468,7.1572,2.5811,1.3585
63,4.9165,1.7032,1.2278,0.0090239,0.0090239,0.0090239,0.67915,0.46512,0.49156,0.15634,7.1324,2.2353,1.3728
64,4.6978,1.6192,1.1801,0.0089928,0.0089928,0.0089928,0.67866,0.48837,0.49196,0.14981,7.4706,2.5464,1.3601
65,4.7546,1.661,1.2185,0.0089613,0.0089613,0.0089613,0.72304,0.44186,0.42615,0.11704,7.9388,2.1147,1.4817
66,4.9397,1.8174,1.2443,0.0089293,0.0089293,0.0089293,0.75726,0.37209,0.41699,0.12034,9.0449,2.358,1.5666
67,5.0365,1.7698,1.2645,0.0088969,0.0088969,0.0088969,0.6336,0.39535,0.40339,0.17614,6.9402,2.1089,1.3801
68,4.6496,1.7583,1.2125,0.008864,0.008864,0.008864,0.78892,0.4186,0.47592,0.17033,7.5295,1.8015,1.3989
69,4.5443,1.6263,1.2253,0.0088308,0.0088308,0.0088308,0.74632,0.47914,0.49773,0.16598,6.7293,1.9587,1.3228
70,4.7044,1.6887,1.2178,0.0087971,0.0087971,0.0087971,0.73197,0.4186,0.42607,0.14222,8.5765,2.3066,1.4926
71,4.6263,1.6879,1.2152,0.008763,0.008763,0.008763,0.61307,0.60465,0.57246,0.24578,6.3023,1.7212,1.2645
72,4.7785,1.6492,1.242,0.0087286,0.0087286,0.0087286,0.69959,0.5814,0.62883,0.23583,6.15,1.5066,1.2095
73,4.7724,1.6818,1.2281,0.0086937,0.0086937,0.0086937,0.77863,0.62791,0.62061,0.2417,6.365,1.6206,1.2924
74,4.5589,1.6939,1.2319,0.0086584,0.0086584,0.0086584,0.93213,0.46512,0.56962,0.16686,6.9503,2.1409,1.2951
75,4.7348,1.5124,1.2088,0.0086227,0.0086227,0.0086227,0.67092,0.44186,0.48836,0.16824,7.0583,2.1549,1.314
76,4.5374,1.6727,1.1951,0.0085866,0.0085866,0.0085866,0.75738,0.50828,0.58053,0.24923,6.583,2.2024,1.3101
77,4.6028,1.5381,1.2021,0.0085502,0.0085502,0.0085502,0.6591,0.4186,0.40696,0.12934,9.0142,2.5131,1.595
78,4.8544,1.6291,1.2467,0.0085133,0.0085133,0.0085133,0.77169,0.46512,0.47073,0.15615,8.0044,2.0891,1.4318
79,4.4642,1.6325,1.1858,0.0084761,0.0084761,0.0084761,0.83791,0.48837,0.61408,0.22381,6.1828,1.9235,1.2161
80,4.4933,1.4741,1.1714,0.0084385,0.0084385,0.0084385,0.77051,0.5814,0.65349,0.23247,6.2165,1.9284,1.2172
81,4.5134,1.5779,1.2113,0.0084005,0.0084005,0.0084005,0.72188,0.39535,0.43973,0.18935,6.4256,2.2717,1.2483
82,4.6084,1.555,1.1854,0.0083622,0.0083622,0.0083622,0.81873,0.39535,0.48115,0.21107,6.2591,1.9163,1.2261
83,4.3921,1.6853,1.1992,0.0083235,0.0083235,0.0083235,0.77296,0.4186,0.46357,0.17489,6.9443,1.929,1.2824
84,4.4622,1.5905,1.2307,0.0082844,0.0082844,0.0082844,0.8924,0.4186,0.49784,0.15335,7.2988,2.0126,1.3428
85,4.3395,1.488,1.1939,0.008245,0.008245,0.008245,0.5446,0.46512,0.45777,0.15703,7.2364,1.9957,1.3241
86,4.625,1.5176,1.2264,0.0082052,0.0082052,0.0082052,0.8021,0.34884,0.49061,0.18192,6.4957,1.9868,1.2869
87,4.8411,1.5106,1.2097,0.0081651,0.0081651,0.0081651,0.67225,0.48837,0.54302,0.18608,7.8876,2.1014,1.4492
88,4.344,1.4131,1.1643,0.0081247,0.0081247,0.0081247,0.8284,0.5814,0.60535,0.25448,6.7598,1.8377,1.332
89,4.5468,1.5285,1.1853,0.0080839,0.0080839,0.0080839,0.58826,0.53488,0.5176,0.17769,7.029,2.3707,1.3102
90,4.6575,1.5412,1.2326,0.0080428,0.0080428,0.0080428,0.78904,0.46512,0.55461,0.19413,6.856,2.1093,1.3923
91,4.3861,1.5655,1.2015,0.0080013,0.0080013,0.0080013,0.74762,0.55814,0.5342,0.18825,6.8868,1.969,1.3359
92,4.3599,1.4498,1.1688,0.0079595,0.0079595,0.0079595,0.74875,0.37209,0.36274,0.10214,9.1542,2.5311,1.5204
93,4.3801,1.3844,1.1657,0.0079174,0.0079174,0.0079174,0.90939,0.51163,0.59303,0.19738,6.682,1.8005,1.3413
94,4.2588,1.5091,1.1959,0.007875,0.007875,0.007875,0.80519,0.57685,0.65179,0.22364,6.2916,1.7155,1.2455
95,4.5796,1.4084,1.1894,0.0078323,0.0078323,0.0078323,0.91571,0.50546,0.65951,0.24587,5.9884,1.6549,1.2005
96,4.4677,1.4497,1.2032,0.0077893,0.0077893,0.0077893,0.80809,0.53488,0.5825,0.1885,7.145,1.6522,1.3956
97,4.3167,1.5139,1.2077,0.007746,0.007746,0.007746,0.74696,0.48074,0.5468,0.18364,7.3921,1.5766,1.4056
98,4.3308,1.4133,1.2063,0.0077023,0.0077023,0.0077023,0.80536,0.5814,0.5907,0.2143,6.9595,1.6486,1.3681
99,4.4199,1.4425,1.2132,0.0076584,0.0076584,0.0076584,0.79915,0.5814,0.68114,0.27638,6.0604,1.7347,1.2171
100,4.073,1.3493,1.1465,0.0076142,0.0076142,0.0076142,0.90908,0.60465,0.68224,0.25497,6.2308,1.5276,1.267
101,4.2308,1.3331,1.1414,0.0075698,0.0075698,0.0075698,0.74825,0.62222,0.64526,0.22077,6.665,1.4224,1.3163
102,4.1886,1.4446,1.1778,0.007525,0.007525,0.007525,0.79937,0.51163,0.59494,0.1791,6.6649,1.56,1.3493
103,4.2313,1.2897,1.1705,0.00748,0.00748,0.00748,0.74781,0.5814,0.61345,0.19025,6.7327,1.5647,1.3022
104,4.1936,1.3862,1.1786,0.0074347,0.0074347,0.0074347,0.82364,0.46512,0.55102,0.2197,6.6275,1.6714,1.2743
105,4.139,1.2621,1.1587,0.0073891,0.0073891,0.0073891,0.85967,0.46512,0.52847,0.21688,6.5123,1.8762,1.255
106,4.4489,1.3613,1.1608,0.0073433,0.0073433,0.0073433,0.89858,0.5814,0.61411,0.24507,6.4756,1.6138,1.2546
107,4.1499,1.2634,1.1457,0.0072973,0.0072973,0.0072973,0.79542,0.54271,0.6286,0.2447,6.39,1.8206,1.2788
108,4.0286,1.3462,1.1425,0.0072509,0.0072509,0.0072509,0.82266,0.62791,0.65568,0.25484,6.3058,1.663,1.2604
109,4.2034,1.3053,1.1707,0.0072044,0.0072044,0.0072044,0.73451,0.51163,0.58136,0.21013,6.9729,1.6225,1.322
110,4.1168,1.3461,1.1712,0.0071576,0.0071576,0.0071576,0.86649,0.53488,0.63387,0.23008,6.556,1.5276,1.2783
111,4.0235,1.2514,1.155,0.0071106,0.0071106,0.0071106,0.77984,0.55814,0.59198,0.24661,6.2266,1.6611,1.2076
112,3.8993,1.2475,1.1203,0.0070633,0.0070633,0.0070633,0.87445,0.64801,0.6974,0.26888,6.7447,1.5283,1.285
113,4.1939,1.3095,1.1755,0.0070159,0.0070159,0.0070159,0.76562,0.60782,0.62539,0.21963,6.7318,1.5115,1.2846
114,4.2279,1.3519,1.1795,0.0069682,0.0069682,0.0069682,0.859,0.5669,0.59105,0.26721,6.1256,1.5259,1.2476
115,4.18,1.2139,1.1575,0.0069203,0.0069203,0.0069203,0.76308,0.52452,0.59718,0.2271,6.536,1.6477,1.2714
116,4.0065,1.2229,1.1362,0.0068722,0.0068722,0.0068722,0.76873,0.67442,0.68766,0.23535,6.4891,1.5009,1.2947
117,4.1287,1.2691,1.176,0.0068239,0.0068239,0.0068239,0.86261,0.67442,0.73753,0.27604,5.8964,1.3748,1.2016
118,3.7742,1.2571,1.1491,0.0067754,0.0067754,0.0067754,0.77509,0.60465,0.60394,0.19538,6.4349,1.3951,1.3297
119,4.0142,1.2239,1.1332,0.0067268,0.0067268,0.0067268,0.9097,0.5814,0.66527,0.21076,6.5974,1.5627,1.3041
120,4.0336,1.2817,1.1471,0.0066779,0.0066779,0.0066779,0.95992,0.55697,0.6329,0.25108,6.0829,1.5886,1.2323
121,3.9578,1.2982,1.1429,0.0066288,0.0066288,0.0066288,0.89253,0.5814,0.72765,0.28947,5.6828,1.4006,1.2335
122,4.0081,1.2816,1.153,0.0065796,0.0065796,0.0065796,0.73918,0.46147,0.49609,0.15279,8.0125,1.8752,1.5108
123,4.1748,1.1979,1.1724,0.0065303,0.0065303,0.0065303,0.72325,0.39535,0.46347,0.19562,7.2411,1.7729,1.3818
124,3.9682,1.3389,1.1279,0.0064807,0.0064807,0.0064807,0.82763,0.65116,0.69547,0.25055,6.4313,1.6655,1.296
125,4.0158,1.1761,1.0989,0.006431,0.006431,0.006431,0.81095,0.53488,0.56381,0.20922,6.9415,1.751,1.3674
126,3.9455,1.2209,1.1533,0.0063812,0.0063812,0.0063812,0.60928,0.46512,0.49592,0.20469,7.1257,1.8656,1.3686
127,3.8432,1.2407,1.1429,0.0063312,0.0063312,0.0063312,0.68986,0.62087,0.61516,0.24413,6.8738,1.6216,1.3627
128,3.7256,1.3553,1.1045,0.006281,0.006281,0.006281,0.86499,0.60465,0.68303,0.26053,6.0105,1.6679,1.2444
129,3.7528,1.1595,1.1397,0.0062307,0.0062307,0.0062307,0.57593,0.60017,0.53265,0.18308,7.0614,1.5757,1.3595
130,4.1665,1.1856,1.1538,0.0061803,0.0061803,0.0061803,0.65758,0.53488,0.51309,0.17018,6.3749,1.4684,1.2738
131,3.8472,1.1681,1.0976,0.0061298,0.0061298,0.0061298,0.85503,0.62791,0.71198,0.24547,6.1281,1.3169,1.2484
132,3.8568,1.2341,1.1292,0.0060792,0.0060792,0.0060792,0.87412,0.53488,0.61172,0.21418,6.4726,1.5474,1.3072
133,3.7362,1.1557,1.1065,0.0060284,0.0060284,0.0060284,0.75249,0.72093,0.72648,0.2823,6.0657,1.376,1.2416
134,3.9978,1.1708,1.1078,0.0059775,0.0059775,0.0059775,0.90348,0.60465,0.74119,0.2438,6.6606,1.3697,1.3595
135,4.2457,1.1653,1.1618,0.0059266,0.0059266,0.0059266,0.89072,0.56886,0.72407,0.26147,5.91,1.4046,1.2643
136,3.7267,1.1667,1.1104,0.0058755,0.0058755,0.0058755,0.79032,0.67442,0.73477,0.24374,6.1676,1.2968,1.268
137,3.7247,1.1356,1.0886,0.0058244,0.0058244,0.0058244,0.72492,0.67442,0.67898,0.24744,5.9904,1.3324,1.2254
138,3.6469,1.174,1.1124,0.0057731,0.0057731,0.0057731,0.76495,0.52991,0.58369,0.19303,6.9373,1.4558,1.3403
139,3.63,1.0986,1.1211,0.0057218,0.0057218,0.0057218,0.85782,0.60465,0.65246,0.20714,6.6046,1.5095,1.3028
140,3.7869,1.053,1.0989,0.0056704,0.0056704,0.0056704,0.89046,0.65116,0.71741,0.27288,6.1397,1.3445,1.2599
141,3.6572,1.1573,1.095,0.0056189,0.0056189,0.0056189,0.87597,0.67442,0.73163,0.3067,5.7912,1.2716,1.2307
142,3.633,1.0566,1.1018,0.0055674,0.0055674,0.0055674,0.82758,0.55813,0.59379,0.23613,6.0469,1.4746,1.2966
143,3.6205,1.0982,1.0717,0.0055158,0.0055158,0.0055158,0.77147,0.65116,0.71515,0.22143,6.3441,1.4412,1.3194
144,3.7677,1.0868,1.1124,0.0054642,0.0054642,0.0054642,0.8632,0.62791,0.70714,0.30042,5.7935,1.272,1.2507
145,3.4992,1.137,1.0727,0.0054125,0.0054125,0.0054125,0.87941,0.60465,0.71034,0.27865,5.9871,1.3629,1.2941
146,3.3399,1.0543,1.0575,0.0053608,0.0053608,0.0053608,0.88439,0.71178,0.78806,0.30616,5.754,1.4628,1.2151
147,3.5312,1.0965,1.1198,0.0053091,0.0053091,0.0053091,0.86782,0.62791,0.7222,0.27053,5.9359,1.551,1.2078
148,3.7297,1.1372,1.0746,0.0052573,0.0052573,0.0052573,0.80696,0.60465,0.71625,0.30786,5.6445,1.2441,1.2044
149,3.6789,1.1154,1.116,0.0052055,0.0052055,0.0052055,0.82865,0.5814,0.68897,0.29858,5.7098,1.4606,1.2183
150,3.5371,1.0753,1.078,0.0051537,0.0051537,0.0051537,0.76382,0.76744,0.73479,0.2798,6.1019,1.189,1.2718
151,3.445,1.0809,1.0885,0.0051018,0.0051018,0.0051018,0.78838,0.69767,0.69153,0.2662,6.1802,1.2615,1.2798
152,3.575,1.0541,1.0916,0.00505,0.00505,0.00505,0.87371,0.65116,0.75649,0.28597,5.9448,1.215,1.256
153,3.5272,1.0012,1.104,0.0049982,0.0049982,0.0049982,0.89353,0.74419,0.83417,0.27958,6.2332,1.1992,1.2901
154,3.2777,0.95034,1.0532,0.0049463,0.0049463,0.0049463,0.87407,0.64577,0.76207,0.28398,5.9748,1.3335,1.2714
155,3.5648,0.96173,1.0652,0.0048945,0.0048945,0.0048945,0.90877,0.60465,0.68352,0.26229,5.9495,1.3639,1.2653
156,3.4464,1.0465,1.0541,0.0048427,0.0048427,0.0048427,0.75088,0.69767,0.7051,0.22727,6.396,1.2995,1.3732
157,3.2379,0.89472,1.0185,0.0047909,0.0047909,0.0047909,0.63723,0.72093,0.68591,0.25724,6.1362,1.3943,1.2782
158,3.25,1.0686,1.0728,0.0047392,0.0047392,0.0047392,0.82852,0.67419,0.70967,0.25574,6.3991,1.2341,1.299
159,3.215,0.98553,1.0577,0.0046875,0.0046875,0.0046875,0.87064,0.62613,0.71185,0.27622,6.25,1.1267,1.2337
160,3.3842,1.095,1.0743,0.0046358,0.0046358,0.0046358,0.85108,0.76744,0.81867,0.294,5.861,1.0689,1.2372
161,3.4578,0.92707,1.0771,0.0045842,0.0045842,0.0045842,0.76513,0.7907,0.82101,0.29966,5.8182,1.1673,1.2551
162,3.5091,0.96761,1.0821,0.0045326,0.0045326,0.0045326,0.71282,0.7505,0.72896,0.25454,6.5522,1.3393,1.2928
163,3.2411,0.94144,1.0612,0.0044811,0.0044811,0.0044811,0.89013,0.65116,0.76663,0.27715,5.796,1.3577,1.1955
164,3.2036,1.024,1.0337,0.0044296,0.0044296,0.0044296,0.80367,0.66654,0.71248,0.26283,6.0164,1.2036,1.2385
165,3.4724,0.89479,1.0298,0.0043782,0.0043782,0.0043782,0.7937,0.71588,0.76969,0.25385,6.0167,1.2697,1.255
166,3.2425,0.86704,1.0293,0.0043269,0.0043269,0.0043269,0.83825,0.72316,0.73843,0.25883,6.0257,1.3321,1.2635
167,3.1948,1.0035,1.0443,0.0042756,0.0042756,0.0042756,0.71909,0.74419,0.75421,0.2618,6.0439,1.295,1.2874
168,3.354,0.96029,1.027,0.0042245,0.0042245,0.0042245,0.69465,0.74419,0.72505,0.27526,6.0545,1.1917,1.2465
169,3.0993,0.92369,1.0235,0.0041734,0.0041734,0.0041734,0.89915,0.6222,0.74552,0.28165,6.037,1.461,1.2374
170,3.2638,0.93868,1.0525,0.0041225,0.0041225,0.0041225,0.75863,0.5814,0.59786,0.23878,6.2762,1.5002,1.2617
171,3.0979,0.93486,1.0459,0.0040716,0.0040716,0.0040716,0.81005,0.53488,0.61479,0.18725,7.1085,1.5547,1.321
172,3.2551,0.87719,1.069,0.0040208,0.0040208,0.0040208,0.7943,0.60465,0.66297,0.22715,6.6209,1.3137,1.2752
173,3.45,0.9213,1.0709,0.0039702,0.0039702,0.0039702,0.84136,0.65116,0.74057,0.27454,6.2356,1.1906,1.2224
174,3.335,0.89016,1.0615,0.0039197,0.0039197,0.0039197,0.83826,0.69767,0.76298,0.25879,6.364,1.2992,1.2327
175,3.2514,0.92234,1.0487,0.0038693,0.0038693,0.0038693,0.77802,0.73371,0.76058,0.25361,6.2687,1.3002,1.2144
176,3.1463,0.93069,1.0323,0.003819,0.003819,0.003819,0.82406,0.5814,0.67214,0.20876,7.1529,1.5761,1.3019
177,3.1263,0.946,1.0324,0.0037688,0.0037688,0.0037688,0.96371,0.61781,0.74609,0.24913,6.6368,1.3619,1.2747
178,3.1047,0.91066,1.0382,0.0037188,0.0037188,0.0037188,0.8179,0.7907,0.79962,0.29932,5.8117,1.1381,1.1873
179,3.2129,0.90202,1.0053,0.003669,0.003669,0.003669,0.84508,0.76125,0.76499,0.27304,6.2053,1.2329,1.2458
180,3.1601,0.91716,1.0338,0.0036193,0.0036193,0.0036193,0.80084,0.65466,0.68251,0.21948,6.9427,1.4739,1.3161
181,3.2042,0.86512,1.0347,0.0035697,0.0035697,0.0035697,0.79663,0.5814,0.63814,0.20072,7.0218,1.6243,1.334
182,3.2762,0.8666,1.0242,0.0035204,0.0035204,0.0035204,0.87795,0.74419,0.77929,0.24705,6.563,1.2868,1.3083
183,3.0623,0.95533,1.0395,0.0034712,0.0034712,0.0034712,0.88465,0.7136,0.79943,0.2662,6.0697,1.2762,1.2313
184,3.1318,0.84939,1.0534,0.0034221,0.0034221,0.0034221,0.85584,0.69049,0.70894,0.26341,5.992,1.3364,1.2373
185,3.0729,0.9065,1.0362,0.0033732,0.0033732,0.0033732,0.90743,0.72093,0.78965,0.25428,6.2781,1.2959,1.2867
186,3.2558,0.87887,1.0432,0.0033246,0.0033246,0.0033246,0.89784,0.74419,0.76723,0.24592,6.1939,1.3048,1.2757
187,3.1127,0.81259,0.98863,0.0032761,0.0032761,0.0032761,0.90647,0.76744,0.83926,0.31169,5.6848,1.2651,1.2073
188,2.9775,0.96279,1.0345,0.0032278,0.0032278,0.0032278,0.97114,0.81395,0.85947,0.27864,6.1152,1.2503,1.2611
189,2.9833,0.83644,1.0246,0.0031797,0.0031797,0.0031797,0.95133,0.76744,0.86215,0.29046,6.0763,1.3989,1.236
190,2.7874,0.79139,0.97956,0.0031318,0.0031318,0.0031318,0.81014,0.74419,0.78714,0.26406,5.9954,1.3159,1.2338
191,2.9368,0.82193,1.0204,0.0030841,0.0030841,0.0030841,0.81506,0.7907,0.82153,0.27273,6.1737,1.2886,1.2494
192,2.9251,0.89824,1.0195,0.0030367,0.0030367,0.0030367,0.89075,0.75857,0.82589,0.27066,6.0937,1.2009,1.245
193,2.8633,0.83922,1.0047,0.0029894,0.0029894,0.0029894,0.84149,0.74082,0.75399,0.27302,6.2277,1.1512,1.2984
194,2.7785,0.82108,0.97364,0.0029424,0.0029424,0.0029424,0.86076,0.76744,0.78582,0.29931,6.1208,1.0779,1.2552
195,2.981,0.82402,0.99344,0.0028956,0.0028956,0.0028956,0.88925,0.7907,0.79548,0.32576,5.739,1.0826,1.1775
196,2.74,0.84469,0.99957,0.0028491,0.0028491,0.0028491,0.94255,0.76326,0.83886,0.29338,6.0259,1.1776,1.2273
197,2.8641,0.77833,1.0021,0.0028027,0.0028027,0.0028027,0.9042,0.74419,0.83333,0.30423,5.6917,1.318,1.1804
198,2.8445,0.84273,0.98269,0.0027567,0.0027567,0.0027567,0.90158,0.74419,0.78408,0.29073,5.7344,1.3087,1.2142
199,2.911,0.87955,0.99636,0.0027109,0.0027109,0.0027109,0.84084,0.76744,0.74492,0.28732,6.0962,1.1439,1.2642
200,2.9068,0.80391,1.0184,0.0026653,0.0026653,0.0026653,0.88682,0.7907,0.84337,0.31408,5.7549,1.114,1.2071
201,2.9379,0.75507,0.99949,0.00262,0.00262,0.00262,0.86237,0.7907,0.82748,0.29334,5.9045,1.091,1.242
202,2.9173,0.8106,0.99131,0.002575,0.002575,0.002575,0.79787,0.83721,0.82245,0.28894,5.8453,1.1838,1.2447
203,2.6172,0.75795,0.98125,0.0025302,0.0025302,0.0025302,0.87611,0.72093,0.79689,0.27885,5.7233,1.343,1.2169
204,2.834,0.75848,0.96142,0.0024858,0.0024858,0.0024858,0.90258,0.7907,0.86476,0.30369,5.8,1.1073,1.2414
205,2.8851,0.74408,0.97002,0.0024416,0.0024416,0.0024416,0.91426,0.83721,0.88318,0.2862,6.1682,1.1373,1.2832
206,2.9171,0.78909,0.98798,0.0023977,0.0023977,0.0023977,0.96771,0.81395,0.88739,0.31704,5.9416,1.1281,1.2594
207,2.6399,0.73986,1.0019,0.002354,0.002354,0.002354,0.84254,0.7907,0.84162,0.33535,5.6042,1.3192,1.1901
208,2.7724,0.77186,0.98746,0.0023107,0.0023107,0.0023107,0.92246,0.83012,0.88011,0.36565,5.5441,1.2001,1.1958
209,2.6231,0.74442,0.95582,0.0022677,0.0022677,0.0022677,0.92201,0.825,0.85014,0.32389,5.7253,1.152,1.2205
210,2.7518,0.7205,0.96238,0.002225,0.002225,0.002225,0.94542,0.80586,0.85505,0.2996,5.7613,1.2253,1.2445
211,2.6729,0.78298,0.97949,0.0021826,0.0021826,0.0021826,0.84138,0.74021,0.7605,0.29452,5.9979,1.2258,1.2784
212,2.7139,0.73362,0.99106,0.0021405,0.0021405,0.0021405,0.94031,0.83721,0.86974,0.3216,5.8379,1.0988,1.2256
213,2.688,0.74638,0.9698,0.0020987,0.0020987,0.0020987,0.94556,0.80798,0.84707,0.33592,5.591,1.0704,1.1793
214,2.8807,0.71642,0.96946,0.0020572,0.0020572,0.0020572,0.87448,0.81022,0.80841,0.32865,5.5955,1.1269,1.2209
215,2.7525,0.73265,0.97147,0.0020161,0.0020161,0.0020161,0.90913,0.81395,0.84565,0.31588,5.6207,1.1645,1.2182
216,2.7294,0.78712,0.98461,0.0019753,0.0019753,0.0019753,0.8973,0.81276,0.84117,0.30905,5.8448,1.1641,1.2441
217,2.7001,0.73713,0.97611,0.0019349,0.0019349,0.0019349,0.915,0.81395,0.84717,0.31384,5.7518,1.103,1.2304
218,2.7215,0.6798,0.95636,0.0018948,0.0018948,0.0018948,0.91951,0.83721,0.84037,0.34961,5.5506,1.0934,1.2068
219,2.5608,0.73125,0.94102,0.001855,0.001855,0.001855,0.91057,0.7907,0.84769,0.33168,5.7021,1.1808,1.2353
220,2.689,0.75593,0.95738,0.0018156,0.0018156,0.0018156,0.89166,0.76563,0.79871,0.31821,5.7231,1.1973,1.1991
221,2.5469,0.71305,0.97142,0.0017765,0.0017765,0.0017765,0.93183,0.76744,0.82919,0.3054,5.7229,1.2047,1.2031
222,2.7251,0.76001,0.97921,0.0017378,0.0017378,0.0017378,0.91541,0.7907,0.8495,0.29205,6.0183,1.1413,1.2492
223,2.466,0.6816,0.92059,0.0016995,0.0016995,0.0016995,0.89432,0.78728,0.83412,0.27775,6.2013,1.1122,1.2715
224,2.508,0.7439,0.94789,0.0016615,0.0016615,0.0016615,0.91541,0.81395,0.83578,0.30178,5.9929,1.0989,1.2317
225,2.3994,0.69998,0.96277,0.0016239,0.0016239,0.0016239,0.91143,0.83721,0.85674,0.30588,5.9638,1.0677,1.2346
226,2.5159,0.68881,0.95744,0.0015867,0.0015867,0.0015867,0.90037,0.84076,0.88197,0.33196,5.7575,1.0038,1.2042
227,2.6239,0.66412,0.95242,0.0015498,0.0015498,0.0015498,0.94405,0.81395,0.872,0.3306,5.6836,1.0438,1.19
228,2.2764,0.6915,0.91236,0.0015134,0.0015134,0.0015134,0.94392,0.78296,0.87111,0.32931,5.583,0.98993,1.1928
229,2.3142,0.64611,0.90923,0.0014773,0.0014773,0.0014773,0.89906,0.88372,0.88537,0.34775,5.5102,1.0474,1.17
230,2.501,0.71782,0.94427,0.0014416,0.0014416,0.0014416,0.93772,0.81395,0.86762,0.34964,5.5514,1.062,1.1796
231,2.3307,0.6524,0.91641,0.0014063,0.0014063,0.0014063,0.93769,0.83721,0.86156,0.32466,5.6967,1.0995,1.2038
232,2.5712,0.67759,0.94986,0.0013714,0.0013714,0.0013714,0.90914,0.7907,0.84914,0.33666,5.6082,1.0618,1.1946
233,2.5368,0.71403,0.94173,0.001337,0.001337,0.001337,0.85526,0.82464,0.85361,0.33563,5.6075,1.0503,1.1911
234,2.2903,0.74478,0.92621,0.0013029,0.0013029,0.0013029,0.91625,0.81395,0.8686,0.3091,5.8102,1.0963,1.2307
235,2.5639,0.67073,0.92261,0.0012692,0.0012692,0.0012692,0.83886,0.84761,0.85335,0.30554,5.9152,1.0733,1.2384
236,2.6159,0.67654,0.92955,0.001236,0.001236,0.001236,0.94663,0.82506,0.88706,0.32089,5.8019,1.0816,1.2225
237,2.4565,0.70848,0.95386,0.0012031,0.0012031,0.0012031,0.94157,0.83721,0.87296,0.33831,5.6422,1.0703,1.1927
238,2.4501,0.66147,0.95038,0.0011707,0.0011707,0.0011707,0.94667,0.82586,0.87508,0.33874,5.6111,1.0813,1.1875
239,2.3816,0.6754,0.93837,0.0011387,0.0011387,0.0011387,0.86834,0.81395,0.84313,0.33236,5.7171,1.0783,1.2093
240,2.3616,0.6582,0.95037,0.0011072,0.0011072,0.0011072,0.83243,0.80877,0.8421,0.34692,5.9545,1.161,1.2402
241,2.4558,0.68332,0.94414,0.0010761,0.0010761,0.0010761,0.92407,0.84925,0.88536,0.32856,5.911,1.1145,1.2459
242,2.2988,0.65825,0.93918,0.0010454,0.0010454,0.0010454,0.86148,0.86047,0.8798,0.34245,5.7448,1.0495,1.2133
243,2.42,0.67694,0.93889,0.0010151,0.0010151,0.0010151,0.87298,0.79928,0.86273,0.3423,5.6605,1.0513,1.1851
244,2.3147,0.63713,0.90918,0.00098531,0.00098531,0.00098531,0.8832,0.83721,0.88669,0.36077,5.5946,1.0196,1.1846
245,2.3298,0.70386,0.93283,0.00095595,0.00095595,0.00095595,0.90899,0.81395,0.89554,0.34642,5.5684,1.0953,1.1887
246,2.2776,0.72496,0.94178,0.00092704,0.00092704,0.00092704,0.88456,0.81395,0.89342,0.33212,5.7513,1.1309,1.2174
247,2.1804,0.68766,0.92989,0.00089858,0.00089858,0.00089858,0.8561,0.88372,0.89768,0.33477,5.7818,1.0598,1.2133
248,2.334,0.66771,0.92305,0.00087058,0.00087058,0.00087058,0.86284,0.88372,0.90076,0.36008,5.7325,1.0063,1.1975
249,2.1537,0.72904,0.91649,0.00084303,0.00084303,0.00084303,0.90348,0.87084,0.89364,0.3558,5.6084,1.0088,1.1794
250,2.2766,0.63208,0.92955,0.00081595,0.00081595,0.00081595,0.86304,0.87937,0.88793,0.34534,5.6258,0.99453,1.1983
251,2.2021,0.64999,0.92429,0.00078933,0.00078933,0.00078933,0.94408,0.78543,0.88581,0.33442,5.7667,1.0282,1.218
252,2.4238,0.69379,0.9466,0.00076317,0.00076317,0.00076317,0.85783,0.84199,0.87926,0.34074,5.6643,1.0536,1.1987
253,2.2054,0.66451,0.93974,0.00073749,0.00073749,0.00073749,0.8233,0.86047,0.8732,0.34172,5.6976,1.07,1.202
254,2.3329,0.66265,0.92355,0.00071228,0.00071228,0.00071228,0.97058,0.76718,0.87946,0.3321,5.7127,1.0797,1.204
255,2.2538,0.68261,0.95631,0.00068755,0.00068755,0.00068755,0.86284,0.83721,0.88681,0.33557,5.8041,1.0354,1.2175
256,2.2946,0.6692,0.93793,0.00066329,0.00066329,0.00066329,0.91155,0.76744,0.83049,0.32856,5.7647,1.0337,1.2054
257,2.24,0.63263,0.94076,0.00063952,0.00063952,0.00063952,0.90528,0.76744,0.82801,0.33816,5.5926,1.0467,1.182
258,2.303,0.61533,0.90074,0.00061623,0.00061623,0.00061623,0.8559,0.82894,0.83082,0.3308,5.6204,1.0167,1.1834
259,2.0706,0.63621,0.91638,0.00059342,0.00059342,0.00059342,0.86946,0.88372,0.87729,0.33906,5.6468,1.0304,1.1842
260,2.3352,0.65514,0.94146,0.00057111,0.00057111,0.00057111,0.879,0.84479,0.87519,0.3491,5.6787,1.0719,1.1988
261,2.1721,0.63804,0.91854,0.00054928,0.00054928,0.00054928,0.90889,0.81395,0.87686,0.35208,5.6573,1.0802,1.1945
262,2.1787,0.65254,0.93786,0.00052795,0.00052795,0.00052795,0.91801,0.81395,0.88182,0.34023,5.6909,1.0699,1.2005
263,2.1957,0.64187,0.92287,0.00050711,0.00050711,0.00050711,0.92283,0.83441,0.88504,0.35096,5.6783,1.0603,1.1948
264,2.3689,0.69201,0.91695,0.00048678,0.00048678,0.00048678,0.93032,0.7907,0.88083,0.33844,5.7076,1.0247,1.1938
265,2.2783,0.62651,0.92786,0.00046694,0.00046694,0.00046694,0.8547,0.82092,0.84227,0.33509,5.8918,1.0526,1.221
266,2.25,0.61088,0.93291,0.00044761,0.00044761,0.00044761,0.85497,0.82274,0.84425,0.33704,5.8941,1.0677,1.2182
267,2.2284,0.62163,0.89699,0.00042878,0.00042878,0.00042878,0.92089,0.81223,0.88472,0.33939,5.7757,1.0154,1.2048
268,2.1114,0.71843,0.92613,0.00041045,0.00041045,0.00041045,0.9457,0.81007,0.88581,0.33553,5.7272,1.0232,1.2055
269,2.1446,0.62164,0.91919,0.00039264,0.00039264,0.00039264,0.9107,0.7907,0.84533,0.32648,5.795,1.0368,1.2161
270,2.1595,0.58074,0.89939,0.00037534,0.00037534,0.00037534,0.94444,0.79065,0.85228,0.34026,5.7576,1.0153,1.2082
271,2.1113,0.62743,0.92221,0.00035855,0.00035855,0.00035855,0.92251,0.83071,0.88456,0.33738,5.6852,1.0194,1.1973
272,2.1972,0.58155,0.8969,0.00034227,0.00034227,0.00034227,0.91173,0.7907,0.84505,0.33076,5.6895,1.0241,1.2009
273,2.0805,0.59836,0.88574,0.00032651,0.00032651,0.00032651,0.90373,0.7907,0.8476,0.34001,5.7164,1.0375,1.2068
274,2.2328,0.57907,0.91317,0.00031127,0.00031127,0.00031127,0.912,0.7907,0.84897,0.34744,5.7114,1.0408,1.2043
275,2.087,0.60077,0.91023,0.00029655,0.00029655,0.00029655,0.94547,0.80658,0.88375,0.34855,5.7041,1.0495,1.2039
276,2.0929,0.63338,0.90307,0.00028235,0.00028235,0.00028235,0.95955,0.7907,0.88754,0.34512,5.7297,1.028,1.2088
277,2.194,0.61794,0.92455,0.00026867,0.00026867,0.00026867,0.95934,0.7907,0.88456,0.34242,5.7613,1.0527,1.2063
278,2.1939,0.65078,0.93652,0.00025551,0.00025551,0.00025551,0.95555,0.7907,0.88162,0.34703,5.7678,1.0436,1.2085
279,2.1287,0.59994,0.91403,0.00024289,0.00024289,0.00024289,0.95811,0.7907,0.87972,0.34009,5.7699,1.0465,1.2145
280,2.1525,0.62157,0.89378,0.00023078,0.00023078,0.00023078,0.89021,0.7907,0.84347,0.32939,5.7309,1.044,1.2115
281,2.0637,0.57537,0.9173,0.00021921,0.00021921,0.00021921,0.92261,0.83188,0.88454,0.34023,5.723,1.0286,1.2109
282,2.1401,0.63208,0.89605,0.00020817,0.00020817,0.00020817,0.94267,0.81395,0.88668,0.33551,5.7145,1.0168,1.2066
283,2.1623,0.62757,0.89994,0.00019766,0.00019766,0.00019766,0.94243,0.81395,0.88492,0.33517,5.7093,1.0036,1.2057
284,2.2131,0.64625,0.89069,0.00018768,0.00018768,0.00018768,0.97195,0.80598,0.88655,0.33679,5.6957,0.99482,1.2004
285,2.1083,0.57211,0.88155,0.00017823,0.00017823,0.00017823,0.96949,0.81395,0.88813,0.34089,5.7188,1.0059,1.2019
286,2.1417,0.69711,0.90711,0.00016932,0.00016932,0.00016932,0.96842,0.81395,0.8879,0.34783,5.6928,0.99146,1.1952
287,2.1716,0.70005,0.89379,0.00016094,0.00016094,0.00016094,0.96745,0.81395,0.88803,0.34976,5.6955,0.99503,1.197
288,2.0257,0.61499,0.92227,0.0001531,0.0001531,0.0001531,0.97276,0.83055,0.89002,0.34228,5.7088,0.99523,1.2016
